﻿<?xml version="1.0" encoding="utf-8"?>
<postlinks>
  <row Id="169" CreationDate="2015-04-28T21:24:36.653" PostId="56" RelatedPostId="89" LinkTypeId="1" />
  <row Id="236" CreationDate="2015-04-29T00:23:10.320" PostId="114" RelatedPostId="110" LinkTypeId="1" />
  <row Id="318" CreationDate="2015-04-29T10:00:11.427" PostId="153" RelatedPostId="109" LinkTypeId="1" />
  <row Id="322" CreationDate="2015-04-29T10:05:02.547" PostId="114" RelatedPostId="110" LinkTypeId="3" />
  <row Id="466" CreationDate="2015-04-29T18:07:00.457" PostId="179" RelatedPostId="135" LinkTypeId="1" />
  <row Id="546" CreationDate="2015-04-30T03:57:29.067" PostId="217" RelatedPostId="138" LinkTypeId="1" />
  <row Id="654" CreationDate="2015-04-30T12:11:39.413" PostId="233" RelatedPostId="208" LinkTypeId="1" />
  <row Id="698" CreationDate="2015-04-30T14:43:23.687" PostId="250" RelatedPostId="118" LinkTypeId="1" />
  <row Id="699" CreationDate="2015-04-30T14:43:33.350" PostId="248" RelatedPostId="146" LinkTypeId="1" />
  <row Id="700" CreationDate="2015-04-30T14:48:53.713" PostId="248" RelatedPostId="146" LinkTypeId="3" />
  <row Id="701" CreationDate="2015-04-30T14:50:52.180" PostId="250" RelatedPostId="118" LinkTypeId="3" />
  <row Id="702" CreationDate="2015-04-30T14:58:05.053" PostId="208" RelatedPostId="233" LinkTypeId="1" />
  <row Id="747" CreationDate="2015-04-30T16:46:04.933" PostId="257" RelatedPostId="146" LinkTypeId="1" />
  <row Id="748" CreationDate="2015-04-30T17:12:20.697" PostId="257" RelatedPostId="206" LinkTypeId="1" />
  <row Id="749" CreationDate="2015-04-30T17:13:27.693" PostId="146" RelatedPostId="206" LinkTypeId="1" />
  <row Id="903" CreationDate="2015-05-01T15:21:58.847" PostId="247" RelatedPostId="257" LinkTypeId="1" />
  <row Id="915" CreationDate="2015-05-01T16:44:50.100" PostId="308" RelatedPostId="237" LinkTypeId="1" />
  <row Id="916" CreationDate="2015-05-01T16:44:50.100" PostId="308" RelatedPostId="247" LinkTypeId="1" />
  <row Id="927" CreationDate="2015-05-01T16:48:39.650" PostId="257" RelatedPostId="247" LinkTypeId="1" />
  <row Id="928" CreationDate="2015-05-01T16:56:39.617" PostId="257" RelatedPostId="182" LinkTypeId="1" />
  <row Id="934" CreationDate="2015-05-01T17:32:55.393" PostId="311" RelatedPostId="205" LinkTypeId="1" />
  <row Id="994" CreationDate="2015-05-01T20:54:54.303" PostId="312" RelatedPostId="27" LinkTypeId="1" />
  <row Id="1023" CreationDate="2015-05-02T03:10:25.013" PostId="181" RelatedPostId="31" LinkTypeId="1" />
  <row Id="1033" CreationDate="2015-05-02T08:36:01.160" PostId="199" RelatedPostId="322" LinkTypeId="1" />
  <row Id="1037" CreationDate="2015-05-02T09:49:54.550" PostId="181" RelatedPostId="31" LinkTypeId="3" />
  <row Id="1158" CreationDate="2015-05-03T01:38:16.033" PostId="361" RelatedPostId="296" LinkTypeId="1" />
  <row Id="1277" CreationDate="2015-05-03T17:27:34.700" PostId="372" RelatedPostId="131" LinkTypeId="1" />
  <row Id="1411" CreationDate="2015-05-03T23:53:00.360" PostId="411" RelatedPostId="129" LinkTypeId="1" />
  <row Id="1538" CreationDate="2015-05-04T14:55:52.890" PostId="441" RelatedPostId="372" LinkTypeId="1" />
  <row Id="1594" CreationDate="2015-05-04T16:26:32.037" PostId="129" RelatedPostId="411" LinkTypeId="1" />
  <row Id="1721" CreationDate="2015-05-05T00:27:21.297" PostId="479" RelatedPostId="448" LinkTypeId="1" />
  <row Id="1764" CreationDate="2015-05-05T07:11:50.677" PostId="474" RelatedPostId="372" LinkTypeId="1" />
  <row Id="1792" CreationDate="2015-05-05T20:16:10.737" PostId="490" RelatedPostId="309" LinkTypeId="1" />
  <row Id="2843" CreationDate="2015-05-06T02:27:56.113" PostId="506" RelatedPostId="355" LinkTypeId="1" />
  <row Id="2865" CreationDate="2015-05-06T08:32:49.413" PostId="507" RelatedPostId="183" LinkTypeId="1" />
  <row Id="2942" CreationDate="2015-05-06T19:43:57.947" PostId="523" RelatedPostId="412" LinkTypeId="1" />
  <row Id="2947" CreationDate="2015-05-06T23:03:41.170" PostId="530" RelatedPostId="506" LinkTypeId="1" />
  <row Id="3291" CreationDate="2015-05-08T03:01:04.597" PostId="596" RelatedPostId="572" LinkTypeId="1" />
  <row Id="3294" CreationDate="2015-05-08T03:04:06.790" PostId="572" RelatedPostId="596" LinkTypeId="1" />
  <row Id="3315" CreationDate="2015-05-08T07:02:17.230" PostId="597" RelatedPostId="496" LinkTypeId="1" />
  <row Id="3332" CreationDate="2015-05-08T16:05:23.097" PostId="599" RelatedPostId="463" LinkTypeId="1" />
  <row Id="3348" CreationDate="2015-05-09T07:57:42.170" PostId="608" RelatedPostId="10" LinkTypeId="1" />
  <row Id="3363" CreationDate="2015-05-09T13:26:43.507" PostId="611" RelatedPostId="612" LinkTypeId="1" />
  <row Id="3405" CreationDate="2015-05-10T01:04:11.050" PostId="612" RelatedPostId="26" LinkTypeId="1" />
  <row Id="3406" CreationDate="2015-05-10T01:52:58.957" PostId="608" RelatedPostId="10" LinkTypeId="3" />
  <row Id="3407" CreationDate="2015-05-10T04:38:28.847" PostId="622" RelatedPostId="257" LinkTypeId="1" />
  <row Id="3438" CreationDate="2015-05-10T15:47:38.473" PostId="627" RelatedPostId="218" LinkTypeId="1" />
  <row Id="3449" CreationDate="2015-05-11T00:11:21.800" PostId="632" RelatedPostId="629" LinkTypeId="1" />
  <row Id="3595" CreationDate="2015-05-13T20:51:51.370" PostId="471" RelatedPostId="650" LinkTypeId="1" />
  <row Id="3631" CreationDate="2015-05-14T22:35:52.367" PostId="693" RelatedPostId="682" LinkTypeId="1" />
  <row Id="3636" CreationDate="2015-05-14T22:37:24.313" PostId="682" RelatedPostId="693" LinkTypeId="1" />
  <row Id="3752" CreationDate="2015-05-16T18:19:11.960" PostId="720" RelatedPostId="110" LinkTypeId="1" />
  <row Id="3753" CreationDate="2015-05-16T19:28:47.187" PostId="720" RelatedPostId="110" LinkTypeId="3" />
  <row Id="3775" CreationDate="2015-05-17T02:58:15.263" PostId="716" RelatedPostId="724" LinkTypeId="1" />
  <row Id="3784" CreationDate="2015-05-17T12:21:32.760" PostId="709" RelatedPostId="726" LinkTypeId="1" />
  <row Id="3831" CreationDate="2015-05-18T18:37:18.683" PostId="724" RelatedPostId="53" LinkTypeId="1" />
  <row Id="3837" CreationDate="2015-05-18T21:22:58.320" PostId="737" RelatedPostId="731" LinkTypeId="1" />
  <row Id="3861" CreationDate="2015-05-19T18:08:08.583" PostId="194" RelatedPostId="748" LinkTypeId="1" />
  <row Id="3906" CreationDate="2015-05-20T22:16:20.083" PostId="766" RelatedPostId="146" LinkTypeId="1" />
  <row Id="4045" CreationDate="2015-05-22T23:44:42.573" PostId="748" RelatedPostId="520" LinkTypeId="1" />
  <row Id="4574" CreationDate="2015-06-01T17:17:37.327" PostId="852" RelatedPostId="208" LinkTypeId="1" />
  <row Id="4575" CreationDate="2015-06-01T17:18:33.347" PostId="208" RelatedPostId="852" LinkTypeId="1" />
  <row Id="4625" CreationDate="2015-06-08T23:30:18.243" PostId="853" RelatedPostId="361" LinkTypeId="1" />
  <row Id="4638" CreationDate="2015-06-09T01:05:46.513" PostId="890" RelatedPostId="853" LinkTypeId="1" />
  <row Id="4639" CreationDate="2015-06-09T07:12:52.667" PostId="890" RelatedPostId="853" LinkTypeId="3" />
  <row Id="4686" CreationDate="2015-06-11T00:54:01.543" PostId="900" RelatedPostId="861" LinkTypeId="1" />
  <row Id="4725" CreationDate="2015-06-14T17:39:24.433" PostId="168" RelatedPostId="479" LinkTypeId="1" />
  <row Id="4732" CreationDate="2015-06-15T10:59:53.343" PostId="923" RelatedPostId="618" LinkTypeId="3" />
  <row Id="4759" CreationDate="2015-06-16T08:46:59.980" PostId="929" RelatedPostId="10" LinkTypeId="1" />
  <row Id="4765" CreationDate="2015-06-16T10:57:30.533" PostId="10" RelatedPostId="929" LinkTypeId="1" />
  <row Id="4836" CreationDate="2015-06-18T20:45:12.513" PostId="939" RelatedPostId="618" LinkTypeId="1" />
  <row Id="4913" CreationDate="2015-06-23T03:48:51.073" PostId="959" RelatedPostId="218" LinkTypeId="1" />
  <row Id="4945" CreationDate="2015-06-26T21:00:47.750" PostId="975" RelatedPostId="962" LinkTypeId="1" />
  <row Id="5532" CreationDate="2015-06-30T07:34:08.870" PostId="985" RelatedPostId="598" LinkTypeId="1" />
  <row Id="5533" CreationDate="2015-06-30T07:34:08.870" PostId="985" RelatedPostId="627" LinkTypeId="1" />
  <row Id="5916" CreationDate="2015-07-03T04:31:58.010" PostId="988" RelatedPostId="598" LinkTypeId="1" />
  <row Id="6453" CreationDate="2015-07-09T17:01:59.347" PostId="1002" RelatedPostId="795" LinkTypeId="1" />
  <row Id="8155" CreationDate="2015-08-14T03:58:33.180" PostId="1056" RelatedPostId="962" LinkTypeId="1" />
  <row Id="8192" CreationDate="2015-08-20T20:31:30.117" PostId="1069" RelatedPostId="441" LinkTypeId="1" />
  <row Id="8193" CreationDate="2015-08-20T20:31:30.117" PostId="1069" RelatedPostId="962" LinkTypeId="1" />
  <row Id="8194" CreationDate="2015-08-20T20:31:30.117" PostId="1069" RelatedPostId="1066" LinkTypeId="1" />
  <row Id="8195" CreationDate="2015-08-20T20:31:30.117" PostId="1069" RelatedPostId="724" LinkTypeId="1" />
  <row Id="8196" CreationDate="2015-08-20T20:31:30.117" PostId="1069" RelatedPostId="641" LinkTypeId="1" />
  <row Id="8222" CreationDate="2015-08-21T13:35:59.433" PostId="1074" RelatedPostId="82" LinkTypeId="1" />
  <row Id="8665" CreationDate="2015-08-31T23:57:21.067" PostId="1048" RelatedPostId="972" LinkTypeId="1" />
  <row Id="10027" CreationDate="2015-09-17T07:19:33.263" PostId="1101" RelatedPostId="233" LinkTypeId="1" />
  <row Id="10294" CreationDate="2015-10-07T22:56:19.753" PostId="1123" RelatedPostId="1132" LinkTypeId="1" />
  <row Id="10311" CreationDate="2015-10-12T13:41:23.593" PostId="1140" RelatedPostId="1125" LinkTypeId="1" />
  <row Id="10886" CreationDate="2015-11-02T14:39:55.943" PostId="1173" RelatedPostId="622" LinkTypeId="1" />
  <row Id="11501" CreationDate="2015-12-02T03:41:17.593" PostId="858" RelatedPostId="853" LinkTypeId="1" />
  <row Id="11613" CreationDate="2015-12-08T23:42:50.980" PostId="1221" RelatedPostId="1219" LinkTypeId="1" />
  <row Id="11614" CreationDate="2015-12-09T06:35:48.900" PostId="1221" RelatedPostId="1167" LinkTypeId="1" />
  <row Id="11712" CreationDate="2015-12-16T01:37:29.427" PostId="1060" RelatedPostId="82" LinkTypeId="1" />
  <row Id="11837" CreationDate="2015-12-19T19:47:24.087" PostId="648" RelatedPostId="1132" LinkTypeId="1" />
  <row Id="11849" CreationDate="2015-12-19T23:36:26.520" PostId="1250" RelatedPostId="10" LinkTypeId="3" />
  <row Id="11894" CreationDate="2015-12-23T00:36:49.917" PostId="1258" RelatedPostId="1255" LinkTypeId="1" />
  <row Id="11908" CreationDate="2015-12-23T23:38:47.270" PostId="1262" RelatedPostId="853" LinkTypeId="1" />
  <row Id="11909" CreationDate="2015-12-23T23:38:47.270" PostId="1262" RelatedPostId="962" LinkTypeId="1" />
  <row Id="12041" CreationDate="2015-12-26T17:08:54.147" PostId="1264" RelatedPostId="1262" LinkTypeId="1" />
  <row Id="12090" CreationDate="2015-12-27T19:24:12.963" PostId="1268" RelatedPostId="673" LinkTypeId="1" />
  <row Id="12220" CreationDate="2015-12-29T14:09:10.873" PostId="1274" RelatedPostId="305" LinkTypeId="1" />
  <row Id="12221" CreationDate="2015-12-29T14:11:27.983" PostId="1274" RelatedPostId="898" LinkTypeId="1" />
</postlinks>